Name,Fraction
Philipp Eberstaller,0.3333333333333333
Dominik Heindl,0.3333333333333333
Carson Wittwer,0.3333333333333333